cluster,etiqueta,modelo,trial,cv_wmape_val,wmape_train,wmape_val,wmape_test,r2_train,r2_val,r2_test,gap_r2_train_test,gap_r2_train_val,t_fit_full_s,param_n_estimators,param_max_depth,param_learning_rate,param_subsample,param_colsample_bytree,param_reg_alpha,param_reg_lambda,param_min_child_weight,param_random_state,param_n_jobs,param_early_stopping_rounds
0,Montaña / clima frío,LightGBM,24,0.7836730685598617,0.36967077482639615,0.4403972427909995,0.7250674132255588,0.9849919321065846,0.9911408208488758,0.9927425174035839,-0.007750585296999235,-0.0061488887422911365,0.5240485668182373,800,4,0.05,0.7656304068554334,0.949974380546868,0.0013579628536073674,0.17283891762595438,,42,-1,
0,Montaña / clima frío,LightGBM,21,0.8329958160556732,0.35722250023699387,0.42185403590808396,0.7332776719352693,0.9843984724313765,0.9918709667477437,0.9929504210746812,-0.008551948643304774,-0.007472494316367206,0.7179708480834961,800,4,0.05,0.8494804013853875,0.9049924206541728,0.00420933841113412,0.5628104691672667,,42,-1,
0,Montaña / clima frío,LightGBM,23,0.8338310504677364,0.35223466131926534,0.41381905842695327,0.7188756572404829,0.9857258443246627,0.9919402335688263,0.9932036715674326,-0.007477827242769908,-0.006214389244163621,0.7794971466064453,800,4,0.05,0.7631322815713344,0.9473513773633022,0.0011153806037983906,0.5573454881061127,,42,-1,
0,Montaña / clima frío,LightGBM,19,0.8514712352570518,0.35622773636747534,0.4254063313646101,0.7411108598778184,0.9849458440713814,0.9916874484547268,0.992931933903832,-0.007986089832450638,-0.006741604383345368,0.7514493465423584,800,4,0.05,0.8436246505078268,0.9006712594106268,0.02426910707378844,0.5212523273633876,,42,-1,
0,Montaña / clima frío,LightGBM,12,0.867425660766402,0.3910256953415041,0.4942633712165258,0.7846275251565761,0.9828611342865323,0.9892422911034997,0.9922022582269913,-0.00934112394045894,-0.006381156816967382,0.3352186679840088,800,4,0.1,0.9984665314733004,0.9840480182744019,0.012066634583611699,1.7978878625195325,,42,-1,
0,Montaña / clima frío,LightGBM,22,0.8772618224666757,0.33990446099798466,0.4479741938471911,0.7764477559785465,0.9871300553717509,0.9912862338398739,0.9929073801061904,-0.005777324734439482,-0.004156178468122995,1.190699815750122,800,4,0.05,0.8441058204594936,0.8925125395719383,0.00637167834690734,0.5664030219789065,,42,-1,
0,Montaña / clima frío,LightGBM,5,0.8870646144233204,0.3283051818889603,0.4544072924728872,0.7620720129895524,0.9857205728822181,0.9904125937282987,0.9923619748893401,-0.006641402007121933,-0.004692020846080558,0.9192714691162109,800,4,0.05,0.8628242065769887,0.9130379074390618,0.540448635963212,7.945091518177742,,42,-1,
0,Montaña / clima frío,LightGBM,1,0.8871715705048071,0.3039577501802608,0.5080487999547856,0.8752786080741023,0.9872197725827117,0.9892256013031603,0.9904598317152957,-0.003240059132584072,-0.0020058287204486325,0.7091729640960693,500,6,0.1,0.8738059484782206,0.8267322164426628,0.0022224479206270674,1.1201546799554136,,42,-1,
0,Montaña / clima frío,LightGBM,13,0.8890901171701369,0.37910664731037313,0.4603671654363931,0.7726040292837331,0.9825109494318242,0.9900135013452572,0.9921732531897909,-0.009662303757966728,-0.007502551913433075,0.5911283493041992,800,4,0.05,0.9985335416847722,0.9886009112148083,0.015582024564808748,2.8542759597398097,,42,-1,
0,Montaña / clima frío,LightGBM,18,0.9048842869521883,0.3547402882263949,0.4806998768412417,0.7648710049915021,0.9855194863863083,0.989720367355283,0.9924382151525263,-0.006918728766218019,-0.004200880968974752,0.5219101905822754,800,4,0.1,0.9126296304926735,0.9610854631409839,0.42780161982500403,0.08103896646653294,,42,-1,
0,Montaña / clima frío,LightGBM,10,0.9115380771843073,0.38335131914120696,0.43265469889758595,0.7519219664736799,0.9824421266458466,0.9905985328047804,0.9927081270174342,-0.010266000371587536,-0.00815640615893376,0.6648037433624268,800,4,0.05,0.79436933455902,0.9782619773082479,0.0021516772882840852,0.057998714695728884,,42,-1,
0,Montaña / clima frío,LightGBM,14,0.9127475520247138,0.37821358932014354,0.5022265389776792,0.812339686580487,0.9837794672864221,0.9890457925646144,0.992067769711877,-0.008288302425454974,-0.005266325278192374,0.4549522399902344,800,4,0.1,0.8080330764714889,0.9378399428674036,0.012987673792052437,0.267114100889013,,42,-1,
0,Montaña / clima frío,LightGBM,20,0.9351719661626158,0.3887887972818076,0.7114383262466072,1.0550144814368538,0.9859845036164543,0.9821547537388586,0.9887965398941885,-0.0028120362777341867,0.003829749877595656,0.5490748882293701,300,4,0.05,0.7747001956999573,0.7633693079647629,0.030691057130637536,0.08779954643648101,,42,-1,
0,Montaña / clima frío,LightGBM,11,0.9361358360464482,0.27982596797367265,0.5087523182945245,0.8077520246120073,0.9889784594717378,0.9890954379463545,0.9919347360934052,-0.0029562766216674197,-0.0001169784746166691,0.8824524879455566,500,6,0.1,0.8283984272357041,0.8074416170598407,0.0028872186303969647,9.963225266597131,,42,-1,
0,Montaña / clima frío,LightGBM,16,0.9391407917850199,0.39320573074990633,0.45982493196312324,0.7963494588136374,0.9810373435690083,0.9903061899403713,0.9919994811659529,-0.010962137596944643,-0.009268846371363049,0.46978330612182617,300,4,0.05,0.9387598637583476,0.9969751703247579,0.011873134702143944,0.3006292625365124,,42,-1,
0,Montaña / clima frío,LightGBM,15,0.9483769858696268,0.35420532327735305,0.46338871728402714,0.7812121887782408,0.983494730357672,0.9891890364182878,0.9924474478414211,-0.00895271748374915,-0.005694306060615828,0.8945002555847168,800,4,0.05,0.6081666494616155,0.9297527607189496,0.5388092619299609,3.91675506019026,,42,-1,
0,Montaña / clima frío,LightGBM,9,0.9708632065331901,0.39880611296421786,0.6596551748327852,0.9624252793088129,0.9802615979912858,0.9821292963773138,0.989266700612726,-0.009005102621440275,-0.0018676983860280716,0.9538099765777588,500,10,0.05,0.8947459811981346,0.855804278439023,1.396061944412622,0.0036753103243941736,,42,-1,
0,Montaña / clima frío,LightGBM,0,0.9815396610698629,0.32106820506513517,0.8817035211098236,1.2843793699468975,0.9877799972412606,0.9718611575127416,0.9831480321179799,0.00463196512328079,0.01591883972851904,3.938555955886841,500,10,0.01,0.9372593063828516,0.8808568392872715,0.09242303630346307,0.25840701801439175,,42,-1,
0,Montaña / clima frío,LightGBM,6,0.981721783596426,0.4388457194753798,0.5608333182559274,0.8960406277199838,0.9797861040192313,0.9873353217621715,0.9904560399504265,-0.010669935931195251,-0.007549217742940262,1.600090503692627,800,4,0.01,0.6810449026565338,0.9176506551965818,0.19116312244529612,0.01512768765289076,,42,-1,
0,Montaña / clima frío,LightGBM,17,1.1356570298192432,0.5217490467677519,0.711502925123454,1.0577395755571894,0.9740368215723972,0.9771229495078906,0.9871070880762256,-0.013070266503828365,-0.0030861279354933435,0.30198216438293457,800,4,0.1,0.9912986771092456,0.8746793080916502,2.5962249950902656,2.1579710308474005,,42,-1,
0,Montaña / clima frío,LightGBM,8,1.1950980648998457,0.4892515362495249,1.206132577201996,1.642549817629089,0.9806559260768533,0.9528291955349979,0.9764545793102374,0.004201346766615877,0.02782673054185536,2.7511861324310303,800,6,0.01,0.7269527701415909,0.6182751399624203,0.09242446356124583,7.758056636685183,,42,-1,
0,Montaña / clima frío,LightGBM,2,1.2699670387947766,0.4047555544636313,0.8918200106415416,1.2615252714183067,0.9827105766709525,0.9714915037416392,0.9850826597752613,-0.0023720831043088086,0.011219072929313345,2.221616268157959,800,6,0.05,0.9637114962956036,0.6002527374292252,0.793283670539355,0.0035278149654308145,,42,-1,
0,Montaña / clima frío,LightGBM,3,1.5877948952982464,0.680937159819438,1.1463093610425874,1.6536920715627061,0.9640936154091962,0.9464802916160416,0.9733333422057003,-0.009239726796504089,0.01761332379315461,0.2999851703643799,300,10,0.1,0.737621214704616,0.800720059481164,6.192823023483507,1.0876223536844274,,42,-1,
0,Montaña / clima frío,LightGBM,4,1.7176928459553342,0.7432238090630645,1.2667929937435145,1.9130363338272691,0.9637007977972393,0.938289953292924,0.9666858684931355,-0.0029850706958962636,0.0254108445043153,0.4897301197052002,500,10,0.1,0.6542249585496983,0.7071114988893709,6.950897183755703,0.004128626468914527,,42,-1,
0,Montaña / clima frío,LightGBM,7,1.9033164773270155,1.178335625834716,2.050077904340571,2.828052345257557,0.945440396053948,0.8708976578973697,0.9363760675039687,0.009064328549979295,0.0745427381565783,0.6892080307006836,300,4,0.01,0.8779741514703423,0.7177532062715694,0.05374124640856752,1.0627150901775027,,42,-1,
0,Montaña / clima frío,XGBoost,9,0.7021901706100687,0.2244085825778326,0.47653024624901213,0.6490753453666608,0.998006423372889,0.9907015072035661,0.9948356948880319,0.0031707284848571105,0.007304916169322939,1.7268929481506348,600,3,0.1,0.8249370306839571,0.873270852717686,0.0017364446910366974,0.6874540360805199,1,42,-1,30
0,Montaña / clima frío,XGBoost,14,0.7437100305493068,0.15809679225463602,0.45124942623632414,0.8046080063780566,0.9986499768197481,0.9907105298549524,0.9926134089226779,0.006036567897070189,0.007939446964795649,1.8186893463134766,600,6,0.05,0.9047817704650096,0.998443555514903,0.0026967875493600062,4.816332481692074,5,42,-1,30
0,Montaña / clima frío,XGBoost,21,0.76047629619714,0.26196267406344004,0.5264931801285382,0.7445334160238648,0.996235589221629,0.9889654888786794,0.9935386116486008,0.0026969775730282253,0.007270100342949615,1.372061014175415,600,3,0.1,0.6629600651588442,0.7386022363431346,0.10503756270439285,0.17207654280456003,1,42,-1,30
0,Montaña / clima frío,XGBoost,23,0.802698589626322,0.2724163307171944,0.5567254949809621,0.7484313067433592,0.995213281875457,0.9877180608735279,0.9938900242225056,0.0013232576529513818,0.00749522100192912,1.342125654220581,600,3,0.1,0.890711238370787,0.663756882242432,0.0992321385546711,1.1787087928201416,4,42,-1,30
0,Montaña / clima frío,XGBoost,18,0.8170399906081961,0.2685789110784836,0.5475107931774407,0.7658563109978321,0.9958620771290903,0.9886297213064098,0.993759353947764,0.002102723181326205,0.007232355822680447,1.3584611415863037,600,3,0.1,0.6849126857689526,0.7220781608806378,0.06846496566117155,0.14029644564140273,4,42,-1,30
0,Montaña / clima frío,XGBoost,12,0.8186575459832544,0.25437883602512334,0.43233318567287843,0.6719007133728995,0.9962847730161939,0.9917438170739855,0.9951191150489547,0.0011656579672392198,0.00454095594220838,1.4793853759765625,600,4,0.05,0.8552470693542726,0.9884694264969384,0.001122206141317849,0.02809323261292065,7,42,-1,30
0,Montaña / clima frío,XGBoost,1,0.832338192827953,0.2926017686505214,0.4829890783326918,0.7322276334393193,0.994317538178928,0.9902494645656166,0.9942600979486063,0.00005744023032172585,0.004068073613311407,1.250891923904419,600,4,0.05,0.6130670529331268,0.9611293918994799,0.02095537739484369,0.002689396773696409,8,42,-1,30
0,Montaña / clima frío,XGBoost,11,0.8392210010888033,0.25772283137377294,0.440680335543987,0.6938092715676702,0.9957777976135492,0.9914429222201946,0.9947268081342187,0.0010509894793305774,0.0043348753933546424,1.5991971492767334,600,4,0.05,0.8438079560038273,0.9877170961847376,0.043837805056331225,0.044124716166662636,8,42,-1,30
0,Montaña / clima frío,XGBoost,17,0.8681725435632254,0.20931042605308775,0.5675107220015322,0.9160816058115058,0.997096824642468,0.9861374199895643,0.9909627056053232,0.006134119037144781,0.010959404652903681,1.8584730625152588,600,6,0.05,0.9131000530050049,0.9226692324627197,0.003211963936333421,1.9847492202680301,12,42,-1,30
0,Montaña / clima frío,XGBoost,0,0.886481954120103,0.17640629702277344,0.6446012743387571,0.9509715093594909,0.998663528963349,0.9837646443680141,0.9901424671581983,0.008521061805150665,0.014898884595334838,1.5944743156433105,400,6,0.1,0.7622234782056184,0.8740414937122265,0.005881474187245779,0.002284780323885348,6,42,-1,30
0,Montaña / clima frío,XGBoost,13,0.9025227598639788,0.29017686182007735,0.5760642039473749,0.8339562889382057,0.99390401087749,0.986774678522913,0.992695772565977,0.0012082383115130657,0.007129332354577023,1.4039099216461182,600,4,0.05,0.8481357541560881,0.9083189420548108,0.0012005836524594088,0.055119502362058814,15,42,-1,30
0,Montaña / clima frío,XGBoost,16,0.9049902235314903,0.2753705828113277,0.706062922089663,1.0013712953456226,0.9938857673947958,0.9792831492574253,0.9889735895397129,0.004912177855082911,0.014602618137370516,1.2647943496704102,400,6,0.05,0.8020439023634542,0.8483497879540335,0.03472348729848184,2.378512607001765,22,42,-1,30
0,Montaña / clima frío,XGBoost,15,0.9158159679652851,0.14799710637663147,0.6842639239932361,0.8972176090151625,0.9990342610094156,0.9810782571216017,0.9913000122761364,0.007734248733279214,0.01795600388781393,1.7767906188964844,600,6,0.1,0.9192600713553615,0.769171629012067,0.003931717402592168,7.941604511821159,5,42,-1,30
0,Montaña / clima frío,XGBoost,24,0.9273941246509289,0.3165479358131864,0.6340238270141383,0.8394611186611894,0.9941888624900325,0.9847871283019145,0.9925056261002542,0.0016832363897782976,0.00940173418811796,1.528583288192749,600,3,0.1,0.8066510076410891,0.7477029711021994,0.009264674108181404,0.19519915089169199,9,42,-1,30
0,Montaña / clima frío,XGBoost,4,0.9552140879048119,0.4374352215305946,0.6842854406082984,1.051761305102646,0.9849666360390091,0.9818508201380534,0.9878786846112375,-0.002912048572228376,0.003115815900955776,0.920557975769043,200,3,0.1,0.6381771137301993,0.9436010071393537,0.29150725963224583,0.5213892313877748,17,42,-1,30
0,Montaña / clima frío,XGBoost,8,0.9673139538337676,0.36152958239901456,0.684978277366063,0.985611342760388,0.9904946082264152,0.9816664384123375,0.9894815271379362,0.0010130810884789732,0.008828169814077746,0.372591495513916,200,4,0.1,0.9972761343147813,0.793907255408496,0.004260550766558987,0.004564235730252763,19,42,-1,30
0,Montaña / clima frío,XGBoost,10,0.9984462610460557,0.3991861790765586,0.7603292519910473,1.012746677840386,0.9858631940896245,0.9793637503053763,0.9894072261641237,-0.0035440320744991594,0.006499443784248271,1.3146333694458008,600,3,0.05,0.8628393019223723,0.6381891794879508,0.0010702858473417216,9.263647478463158,29,42,-1,30
0,Montaña / clima frío,XGBoost,22,1.0132127785787683,0.40147232242830977,0.6733610327811499,1.0586668146310865,0.986552698783787,0.9821147716102699,0.9884767464097259,-0.0019240476259388961,0.004437927173517098,1.6344258785247803,600,3,0.1,0.6823209197865829,0.7536376213663883,0.8635173158167871,0.1493026226313215,1,42,-1,30
0,Montaña / clima frío,XGBoost,2,1.0968326769139627,0.3200728384068471,0.8425126740558412,1.2330278896888816,0.9930992700739154,0.9728460983355225,0.9837748577018747,0.009324412372040736,0.020253171738392917,1.5084877014160156,600,6,0.1,0.941542963129548,0.6924354480518836,0.5840570023871113,0.741807701232845,2,42,-1,30
0,Montaña / clima frío,XGBoost,20,1.1037666325875921,0.22500518293971047,0.8981939343270434,1.2544615685487899,0.9957821328398913,0.9692259974584594,0.985430110636003,0.0103520222038882,0.026556135381431867,1.9128358364105225,600,6,0.1,0.9758239773558892,0.6027229472854578,0.0024206751017294514,3.176090961499993,29,42,-1,30
0,Montaña / clima frío,XGBoost,19,1.2282952157837113,0.5376989577029438,1.1612894934429019,1.67399621735846,0.9866267791255634,0.9537135367503013,0.9755250426423312,0.011101736483232205,0.03291324237526205,1.5049164295196533,400,6,0.01,0.811946807141038,0.8598360970151226,0.012683978887497612,2.0234485088857226,4,42,-1,30
0,Montaña / clima frío,XGBoost,6,1.3944621904223686,0.806055754874842,1.3584388357209711,1.7874126573611122,0.9721310409904304,0.9398511982636921,0.9715998908816201,0.0005311501088102188,0.03227984272673823,1.5929696559906006,600,3,0.01,0.7539144509761961,0.8162384853633057,0.22307701788694148,0.009054669920701537,2,42,-1,30
0,Montaña / clima frío,XGBoost,5,1.613507164471794,0.6915274977379848,1.382018872284479,1.8192047273123375,0.968735876162081,0.9348613652460062,0.9697782620018917,-0.0010423858398106445,0.03387451091607485,0.6187777519226074,200,4,0.1,0.6013391809596202,0.7005702473866431,3.1720593561819057,0.4586494770633942,11,42,-1,30
0,Montaña / clima frío,XGBoost,7,1.6598658679618894,1.022362204873219,1.623651011237069,2.1946758523394325,0.9563683868756867,0.9139854238294258,0.9593556833446417,-0.002987296468955014,0.04238296304626088,2.4505209922790527,400,3,0.01,0.72338572638074,0.8885927964502867,0.012072171190656154,0.0011509395512882498,11,42,-1,30
0,Montaña / clima frío,XGBoost,3,3.1844086758155163,1.943872223484756,2.985111908090348,4.625840409941249,0.8595359271936838,0.7118754227117465,0.8291132513730322,0.030422675820651612,0.14766050448193724,0.40468716621398926,200,3,0.01,0.7500275053586062,0.822068295777273,4.978080768810443,0.33428616351561846,1,42,-1,30
1,Zona templada húmeda,LightGBM,20,0.5475252487655121,0.18658088119744878,0.45854193982110375,0.4049528523977459,0.9992317177028601,0.9961026128730931,0.996658237054573,0.0025734806482871075,0.0031291048297670265,8.718072652816772,800,10,0.05,0.6479973440981033,0.8899042926835327,0.03599435539984706,0.00560444839104064,,42,-1,
1,Zona templada húmeda,LightGBM,12,0.5479523231752728,0.17993984094618698,0.5606787407235634,0.401938078800056,0.9993033460663814,0.9952788135287488,0.9968841089828345,0.0024192370835468546,0.004024532537632575,8.041655778884888,800,10,0.05,0.6270350711925172,0.802979639932969,0.0010183737720780683,0.0015403816046303958,,42,-1,
1,Zona templada húmeda,LightGBM,13,0.5562714611655376,0.1986933141766381,0.5851004073155314,0.42802559572850857,0.9991568516272694,0.9949984870957069,0.9965734178548339,0.0025834337724355283,0.004158364531562486,8.94844937324524,800,10,0.05,0.6858623254806744,0.8102312811074561,0.0031134096057150815,0.014412239690507178,,42,-1,
1,Zona templada húmeda,LightGBM,24,0.5652960654321687,0.23973835900468304,0.6155585261847991,0.45956301154250206,0.9986591268352253,0.9944179992204519,0.9958537118794554,0.0028054149557699137,0.0042411276147733545,5.623981475830078,800,10,0.05,0.7321882139141397,0.7956173445115207,0.008395251356635151,0.006784062977604537,,42,-1,
1,Zona templada húmeda,LightGBM,17,0.5673275078538864,0.20645080000735985,0.4852527627387272,0.4295865821757554,0.9989631174662604,0.9960747900544757,0.9961986468056838,0.0027644706605766123,0.0028883274117846858,6.642139673233032,800,10,0.05,0.6039116150126248,0.8724668873674167,0.0043729111779536485,0.013484939481476268,,42,-1,
1,Zona templada húmeda,LightGBM,22,0.5922711627955138,0.2191789099688739,0.6230955171586718,0.44723255108482457,0.9988649569292741,0.9942279935476375,0.9959734304275104,0.0028915265017637193,0.004636963381636661,5.928837060928345,800,10,0.05,0.6318859961483161,0.8763070664878767,0.029410940094148193,0.02157369232088245,,42,-1,
1,Zona templada húmeda,LightGBM,21,0.6253130323329422,0.289270967403874,0.3994170066284932,0.4791616063310818,0.9976105088087938,0.9960969686540403,0.994973596441961,0.002636912366832722,0.0015135401547534677,6.6070966720581055,800,10,0.05,0.6565756520134748,0.9561176644126508,0.34743582543201695,0.004659845509495628,,42,-1,
1,Zona templada húmeda,LightGBM,3,0.6473909009469361,0.2613152156438533,0.3711397620495377,0.43164608321406533,0.99759053823202,0.9962451234153946,0.9950366008693395,0.002553937362680503,0.0013454148166254232,6.3932294845581055,800,10,0.05,0.8692064395253436,0.8417405230243822,0.0026623573615959244,0.21560358943109328,,42,-1,
1,Zona templada húmeda,LightGBM,18,0.6517187974739491,0.24939444337163963,0.6996333393570956,0.50184093502817,0.9987200266520762,0.9936396668944284,0.9954027358879056,0.003317290764170533,0.005080359757647757,3.4908177852630615,300,10,0.1,0.6722711481563647,0.7973607864278982,0.001147605279100232,0.004086540186009682,,42,-1,
1,Zona templada húmeda,LightGBM,10,0.6590880134793374,0.23293825745162608,0.5211994590878343,0.4485309132094175,0.9985633202248809,0.9956098278152398,0.9957286871492419,0.002834633075639026,0.0029534924096411563,6.625736474990845,800,10,0.05,0.6092371755892563,0.817915951473594,0.0011843387813227002,0.001743796385379396,,42,-1,
1,Zona templada húmeda,LightGBM,11,0.6618570820604325,0.2763756782301089,0.5038512602777413,0.497119675689168,0.9979064725684195,0.9953894103495379,0.9950573957155852,0.002849076852834309,0.002517062218881594,5.385782480239868,800,10,0.05,0.638615387483713,0.8128920826911282,0.001104024601660456,9.819691928715262,,42,-1,
1,Zona templada húmeda,LightGBM,4,0.6731775140350054,0.3182248564261029,0.4266383340727787,0.47410461047376135,0.997077880343374,0.9959586607193189,0.9946170998312749,0.002460780512099081,0.0011192196240550345,3.2281551361083984,800,6,0.1,0.7393502450813171,0.9091734553392528,0.017044835631149047,1.0801824330855871,,42,-1,
1,Zona templada húmeda,LightGBM,23,0.6810378089682328,0.27933023423222536,0.5941552023154945,0.524432948917598,0.9977484469412727,0.994422965741381,0.994289353835767,0.0034590931055057395,0.0033254811998917333,9.536011695861816,800,10,0.05,0.6990144411813848,0.8412034618681834,0.26300679142616823,0.0017264220452433805,,42,-1,
1,Zona templada húmeda,LightGBM,16,0.6812724194343363,0.23890432977395848,0.5394983984483713,0.5222342602560099,0.998683072251207,0.9944170016416948,0.9950477219876028,0.0036353502636041757,0.004266070609512229,8.704131126403809,800,10,0.05,0.7152595601220364,0.7667015054811515,0.05737619421814023,0.0010399988721180497,,42,-1,
1,Zona templada húmeda,LightGBM,14,0.6920258826935438,0.25774397082826067,0.6048727948076971,0.5577316008265858,0.9985499446118847,0.9933785753534962,0.9947872476452884,0.0037626969665963683,0.0051713692583885695,8.39733624458313,800,10,0.05,0.7005065957427428,0.7610940956856244,0.11667407853165473,0.011061120160379969,,42,-1,
1,Zona templada húmeda,LightGBM,2,0.7794124283922366,0.4127471234723385,0.630657401933437,0.6448577863673125,0.9962773761028685,0.9928841841601653,0.9929816108951687,0.003295765207699808,0.0033931919427031554,3.0242857933044434,500,6,0.05,0.8208706387072572,0.7436776942591815,0.09370876525217463,0.0032182524616926017,,42,-1,
1,Zona templada húmeda,LightGBM,9,0.8652167419297234,0.5802148875349916,0.7882652995923637,0.7686598526577553,0.9942364842675921,0.9914527121759198,0.9906557161790862,0.0035807680885059368,0.002783772091672354,2.878180503845215,800,4,0.05,0.873951889092982,0.6002299925769675,0.0051904560338892495,0.13687014926703986,,42,-1,
1,Zona templada húmeda,LightGBM,5,0.9953301910136771,0.6545514949219525,0.7439864440740955,0.8045616291738108,0.9905751609408637,0.9918736622078874,0.9874685806530443,0.003106580287819405,-0.0012985012670236884,1.6804938316345215,300,6,0.05,0.8148007459667934,0.865863398662245,0.013505551083807164,1.8489343553004043,,42,-1,
1,Zona templada húmeda,LightGBM,15,1.110301876421729,0.818937762320044,0.7761565351194716,1.0646832111877131,0.9883758236587079,0.9918158405197541,0.9828981616227879,0.005477662035920039,-0.0034400168610462245,4.804035902023315,800,10,0.01,0.6738884913318316,0.9978623047462531,0.0052844255665568905,0.008875403496539636,,42,-1,
1,Zona templada húmeda,LightGBM,8,1.3232989148995171,0.9683524479436482,1.157636778200896,1.1688638005492227,0.9831530499051836,0.9835954946885901,0.977967364513041,0.005185685392142592,-0.0004424447834064926,1.0920414924621582,300,4,0.1,0.9123040550196448,0.6287336921151082,2.035058639733251,0.1668734631533283,,42,-1,
1,Zona templada húmeda,LightGBM,6,1.362009229822709,1.0202458548556401,0.864814036380035,1.3589287029473003,0.9791864128458403,0.9862921218437477,0.9700455410986714,0.009140871747168933,-0.007105708997907412,3.745124578475952,500,6,0.01,0.811305748420389,0.9284921559438835,0.017323538429026973,0.07353931461384464,,42,-1,
1,Zona templada húmeda,LightGBM,7,1.53532931484367,1.0154307025110265,0.9192636465766197,1.2855690202986998,0.9761483771265234,0.9875128358595695,0.9709203484810179,0.005228028645505423,-0.011364458733046146,1.0768296718597412,300,10,0.1,0.7870439199431716,0.922907597719721,9.945242920350953,0.37152291143609817,,42,-1,
1,Zona templada húmeda,LightGBM,1,1.6925036832611422,1.375083098286811,1.510483644699965,1.6339481730284657,0.9687547442460983,0.9735661771457773,0.9606085899512443,0.008146154294853991,-0.004811432899679002,1.388932704925537,800,4,0.05,0.9282040520682123,0.7000412455675568,6.490106949828148,0.8762356252309655,,42,-1,
1,Zona templada húmeda,LightGBM,19,1.7448120196012937,1.3519193224005626,1.4493764516680232,1.6542336579995942,0.9723626716537035,0.9781917784620267,0.9619250401163997,0.010437631537303815,-0.005829106808323159,2.7279303073883057,500,10,0.01,0.7585944881412069,0.7032483667891998,0.0028092437223800515,0.03236437197765811,,42,-1,
1,Zona templada húmeda,LightGBM,0,2.31520190400881,1.8909105128529655,1.9081696121074014,2.168734451138064,0.9470590285990992,0.9581616896737729,0.9370501847055167,0.010008843893582475,-0.011102661074673725,2.202500581741333,500,4,0.01,0.9814948856209577,0.6947667585816235,1.560812395738988,0.044452498712618645,,42,-1,
1,Zona templada húmeda,XGBoost,7,0.7003926044422465,0.4225814739111371,0.6070037325929714,0.5911963030726155,0.9969975795016668,0.9943349338871207,0.9943344900644585,0.002663089437208277,0.0026626456145460997,3.9234931468963623,600,4,0.1,0.9282665101082447,0.8388643808853506,0.1279668772653042,0.0032308948770283508,14,42,-1,30
1,Zona templada húmeda,XGBoost,24,0.708496258012356,0.46279889217029646,0.6141348269939849,0.6371133421392678,0.9965991879779877,0.9930163530014295,0.9936644773079967,0.0029347106699910697,0.0035828349765582024,5.506741523742676,600,4,0.1,0.7377789182728692,0.8286146246758114,0.09945704540537889,0.001827433465780696,14,42,-1,30
1,Zona templada húmeda,XGBoost,20,0.7139401972942082,0.4474924037141505,0.621741968370284,0.6235279780491689,0.9967750986868388,0.9938387424502637,0.9939636786204659,0.002811420066372916,0.002936356236575066,4.989844083786011,600,4,0.1,0.8484389844130265,0.7645062816490064,0.14213681796960811,0.003640097520002781,9,42,-1,30
1,Zona templada húmeda,XGBoost,21,0.7186772891154771,0.45098272886127533,0.5837200818761581,0.6389767931298366,0.9966540717953342,0.9940497764253035,0.993459247025649,0.003194824769685134,0.002604295370030707,5.039876461029053,600,4,0.1,0.838325014184739,0.749942953381622,0.16610911894218128,0.0032130444267447216,9,42,-1,30
1,Zona templada húmeda,XGBoost,17,0.7224590689587684,0.4436042296108379,0.6324218853026184,0.6403758985986562,0.9969671787336434,0.993664664804212,0.9937342222401251,0.003232956493518291,0.003302513929431372,4.864957094192505,600,4,0.1,0.8651549954484996,0.7411281420151025,0.0118721792467703,0.012228798405456777,7,42,-1,30
1,Zona templada húmeda,XGBoost,14,0.7353696548729594,0.4526649266934022,0.6388666271518906,0.6381435985998278,0.9969155725664021,0.9943881480409628,0.9936806231230783,0.003234949443323809,0.0025274245254393035,4.8222479820251465,600,4,0.1,0.8913158568346453,0.7204156763513779,0.00778336160042879,0.27906202125043444,7,42,-1,30
1,Zona templada húmeda,XGBoost,13,0.739264318985172,0.43891838503205444,0.6771077940371658,0.6216250920451339,0.9970335512067031,0.9941495639283966,0.9938302050271344,0.0032033461795687446,0.0028839872783065212,4.52048921585083,600,4,0.1,0.9200579487562647,0.6941709071613532,0.048455494124243007,0.4724021216783802,6,42,-1,30
1,Zona templada húmeda,XGBoost,22,0.7457176627885836,0.4905369493912807,0.7659913923239094,0.679427306602675,0.9961626630935229,0.9920331078865021,0.9928949654044388,0.0032676976890840814,0.004129555207020741,4.941001892089844,600,4,0.1,0.8327022299040366,0.6622067566600204,0.16399883518185623,0.003068584941384387,12,42,-1,30
1,Zona templada húmeda,XGBoost,23,0.7476212025298756,0.4624739273901928,0.6468343466398765,0.6376671370036768,0.9963564724394842,0.9934420454518313,0.9934025785237247,0.002953893915759509,0.002914426987652874,4.915221214294434,600,4,0.1,0.9421584870139268,0.7559417691854089,0.3956674688656118,0.004960195754215784,9,42,-1,30
1,Zona templada húmeda,XGBoost,11,0.7673655248409376,0.47590609703192294,0.7504996790413723,0.6598786848660184,0.9965509372985086,0.9930267168828083,0.9934262192146486,0.0031247180838600563,0.00352422041570033,4.155029058456421,600,4,0.1,0.9753133450249952,0.6107578156865177,0.050833138454591725,6.215530074299511,1,42,-1,30
1,Zona templada húmeda,XGBoost,15,0.7674635468946422,0.49731443191976193,0.6586670100496189,0.6805626607758885,0.9960247477342918,0.9920179940937804,0.9925308400037979,0.0034939077304939614,0.004006753640511396,5.310769557952881,600,4,0.1,0.8559522642147737,0.7697638732964056,0.0020751340964820443,0.21565152820929345,30,42,-1,30
1,Zona templada húmeda,XGBoost,12,0.7783728426312607,0.4712329561120843,0.7322222650457834,0.6493725400886436,0.9965720836843973,0.9928602833111658,0.9935293611499011,0.0030427225344962228,0.0037118003732314886,4.915028810501099,600,4,0.1,0.9217955457329563,0.6080049484613111,0.045949572624124455,8.949770814150991,1,42,-1,30
1,Zona templada húmeda,XGBoost,10,0.786110116304168,0.42567832799688343,0.6687100373100922,0.6088266923794091,0.9972130423394063,0.9950056906878493,0.9942836186725127,0.002929423666893638,0.0022073516515570546,4.137607574462891,600,4,0.1,0.9985869401667492,0.6116017598194887,0.030652380702064132,1.3459504986458228,2,42,-1,30
1,Zona templada húmeda,XGBoost,18,0.7917232519414319,0.587378282649651,0.6225131610066809,0.7692059980767111,0.9946665950256453,0.9935992824819627,0.9910346308444389,0.0036319641812063708,0.0010673125436825304,3.372015953063965,400,4,0.1,0.8128935583090063,0.931405109563155,0.17640579425044042,0.010038480737765669,12,42,-1,30
1,Zona templada húmeda,XGBoost,8,0.89320900360535,0.6282590646704949,0.6330720691190739,0.8620447722101443,0.9928658572286592,0.99230462117856,0.9883365083958839,0.004529348832775226,0.0005612360500991675,2.0845069885253906,200,6,0.05,0.6872507570763128,0.9550286683385423,0.002355133533652847,0.025477000449889924,22,42,-1,30
1,Zona templada húmeda,XGBoost,16,0.9032609725229708,0.6898811476911952,0.7010774159049876,0.9038659335992789,0.9928834620646895,0.994010460555807,0.9877772020125042,0.005106260052185285,-0.0011269984911175257,4.5936596393585205,600,3,0.1,0.9251910827312279,0.860478902500752,0.00567119111633648,0.0010428395278819756,6,42,-1,30
1,Zona templada húmeda,XGBoost,3,1.134643344442926,0.7795219512637143,0.8298004763424615,1.0775345612832512,0.9880342231676571,0.9900672323326172,0.9814855597287699,0.006548663438887159,-0.0020330091649600757,1.8250093460083008,200,6,0.05,0.6674778596815268,0.8810437146725781,1.3058085529197774,0.0015921830172337889,20,42,-1,30
1,Zona templada húmeda,XGBoost,0,1.349467173649278,0.9161762693410385,1.1267400049983454,1.1170309702606516,0.9847739756781397,0.9842346254124407,0.9798897296770829,0.004884246001056858,0.0005393502656990679,3.720714569091797,600,4,0.05,0.9845071670998313,0.7857213987966966,5.480773265461777,0.05289612652741443,13,42,-1,30
1,Zona templada húmeda,XGBoost,19,1.5287892239745162,1.301312288117946,1.5140522527069646,1.5451837441054423,0.9758823640226019,0.9771228523335256,0.9674157881483226,0.008466575874279236,-0.0012404883109237153,1.69260573387146,200,3,0.1,0.7665730219898176,0.8286876679010792,0.011266366336480444,0.012186000955519284,16,42,-1,30
1,Zona templada húmeda,XGBoost,5,1.756680371917804,1.436844547866243,1.5830323963280006,1.667381159340398,0.9675228252213897,0.9727166232321511,0.9595892012036998,0.007933624017689822,-0.0051937980107614745,2.901160955429077,400,3,0.05,0.7888685095233645,0.7924959343494296,5.290844046518601,1.5658227122087125,17,42,-1,30
1,Zona templada húmeda,XGBoost,9,1.8638764409138253,1.37861143221536,1.1838178048638757,1.6885505528488092,0.9640861888870836,0.9795521522923725,0.9548686752533511,0.009217513633732577,-0.01546596340528883,4.45378565788269,400,6,0.01,0.8828937272386643,0.9803605849234723,4.645405993338137,0.010887558625938019,16,42,-1,30
1,Zona templada húmeda,XGBoost,1,2.0176669212152896,1.534485125784526,1.6161455344568878,1.961547668004808,0.9636277736146357,0.9702171131419368,0.9479049599494205,0.01572281366521522,-0.006589339527301119,3.6927266120910645,400,6,0.01,0.6398960123007534,0.685293109578805,0.6114414824405195,0.08527182882828263,23,42,-1,30
1,Zona templada húmeda,XGBoost,6,2.01992926344311,1.769037964519373,1.6819111835379803,2.01894747673274,0.954390520728787,0.9679680282225005,0.9445498878734275,0.009840632855359521,-0.013577507493713448,1.5555360317230225,200,3,0.05,0.6730935266750077,0.895239254429325,0.23454699537255408,0.004544249912104188,10,42,-1,30
1,Zona templada húmeda,XGBoost,2,2.06486813318899,1.6983493346631027,1.7422289996090767,2.0135882471706537,0.9559667059804948,0.9619072396171844,0.9447817817875876,0.011184924192907175,-0.00594053363668956,5.111839056015015,600,4,0.01,0.7434319711126762,0.7126832948737912,1.0186469624155148,0.0032639954198387246,25,42,-1,30
1,Zona templada húmeda,XGBoost,4,2.0710274951555485,1.6780323067172667,1.6031576712422082,1.943318429841529,0.9553024464284274,0.9645855561619113,0.9462312919496361,0.009071154478791366,-0.009283109733483896,4.570338249206543,600,4,0.01,0.8166153571363253,0.8313503777505348,3.459304839505407,0.0468680212724655,10,42,-1,30
2,Valle cálido — suelo arenoso,LightGBM,24,0.7438717606605325,0.2780920778865946,0.8097533329130387,0.48183449066456374,0.9984506341666395,0.9819779266135358,0.9959620349601334,0.0024885992065061258,0.016472707553103705,8.382755279541016,800,6,0.1,0.6804719031957652,0.6467336090673522,0.024767862297862122,8.417746727695745,,42,-1,
2,Valle cálido — suelo arenoso,LightGBM,21,0.7487671213129976,0.30540011304942283,0.8510643139493437,0.5264436880114007,0.9980581573639896,0.9796302205874603,0.9952714515622434,0.0027867058017462254,0.01842793677652932,6.726172685623169,800,6,0.1,0.8031912064373843,0.7053509457831227,0.034408204272576855,7.421822281181682,,42,-1,
2,Valle cálido — suelo arenoso,LightGBM,23,0.7525413315610004,0.2859285986592079,0.8512839016603372,0.4885615769478495,0.9983970376857735,0.9814466027182563,0.9959257578139314,0.002471279871842036,0.016950434967517136,7.621983528137207,800,6,0.1,0.7376023353824467,0.6581898498913212,0.03832913799389291,9.120310806874427,,42,-1,
2,Valle cálido — suelo arenoso,LightGBM,1,0.7679662399709422,0.2910303122990421,0.8111463280180411,0.4752490992234817,0.9981591153638255,0.9798775178248122,0.9960648486060755,0.0020942667577500407,0.01828159753901326,9.066587924957275,800,10,0.1,0.9273676517573557,0.687119965268951,0.007906743388621146,0.8044242531759089,,42,-1,
2,Valle cálido — suelo arenoso,LightGBM,11,0.7735745957938389,0.28552057049072843,0.8210956319503121,0.48708601711608107,0.9982383028973743,0.9813456635334861,0.9960330640502811,0.002205238847093116,0.016892639363888184,6.926733493804932,800,6,0.1,0.8930475417991184,0.6895639408338313,0.05830599660471694,0.13801728907765487,,42,-1,
2,Valle cálido — suelo arenoso,LightGBM,13,0.7797058452341327,0.30298144831042734,0.817571960864981,0.5083319716693632,0.9980294972308538,0.9826673319599952,0.9954362267107305,0.0025932705201232586,0.015362165270858541,5.857751846313477,800,6,0.1,0.8132072329927568,0.6893662830662124,0.039783616187350955,9.781803461218722,,42,-1,
2,Valle cálido — suelo arenoso,LightGBM,12,0.786692347810217,0.3251276231534054,0.774755169531501,0.5122153164405115,0.9976705648965997,0.9821298241899248,0.9956917568544837,0.0019788080421159204,0.015540740706674883,5.747912168502808,800,6,0.1,0.9097152209382117,0.6849359197878633,0.041561187688302324,0.18020082867835246,,42,-1,
2,Valle cálido — suelo arenoso,LightGBM,10,0.7938064918188527,0.2948180282224004,0.785266209523566,0.49033271873111417,0.9981175191481175,0.9826978894478166,0.9959137617105477,0.002203757437569842,0.015419629700300974,6.549339771270752,800,6,0.1,0.8815604747839654,0.6771677430766632,0.10148654316608492,0.11753287119573896,,42,-1,
2,Valle cálido — suelo arenoso,LightGBM,9,0.7947026510628955,0.4126971645418415,0.8509519208665063,0.5594759626492268,0.9966919321103851,0.9802937223620564,0.9948336980700692,0.0018582340403159314,0.01639820974832873,5.278073072433472,800,10,0.05,0.6258637148213971,0.8323380497668678,0.002582140499010138,1.3013584228720936,,42,-1,
2,Valle cálido — suelo arenoso,LightGBM,16,0.7969252131556035,0.321429515916716,0.8033088611688515,0.46621042566309123,0.9975612859642962,0.9809713852156751,0.9961540042796775,0.0014072816846186775,0.0165899007486211,6.778764009475708,800,6,0.1,0.8279285938241532,0.8034042955077629,0.20713036655334052,0.49546220730554263,,42,-1,
2,Valle cálido — suelo arenoso,LightGBM,22,0.8188665901586681,0.32548340603913883,0.8710818497084766,0.5208927476573134,0.9976612815420525,0.9797407239559546,0.9950771740721907,0.0025841074698618183,0.017920557586097896,7.334254026412964,800,6,0.1,0.7803508989689699,0.7087726172739874,0.16536146003149363,4.205805211356095,,42,-1,
2,Valle cálido — suelo arenoso,LightGBM,15,0.8287168016809725,0.32579911706781856,0.839310727482293,0.5749039281694881,0.9980765201102934,0.9791065447970209,0.9946350729460044,0.0034414471642889577,0.01896997531327249,3.972921371459961,500,10,0.1,0.9963555914836495,0.6296659901998103,0.00103971644551293,0.04975840484874278,,42,-1,
2,Valle cálido — suelo arenoso,LightGBM,17,0.8534469415624566,0.28132104497912597,0.8144836413722791,0.533723515418828,0.9982285921889359,0.9805578257877331,0.9950610913932122,0.003167500795723699,0.017670766401202798,10.51862382888794,800,10,0.1,0.9112422172529832,0.6606789259992295,0.07284479011424674,4.725334535892358,,42,-1,
2,Valle cálido — suelo arenoso,LightGBM,18,0.8825965049088808,0.41527918175913564,0.9590840406408413,0.6254188590480767,0.996452567875448,0.9747395004892347,0.9933640217633574,0.00308854611209064,0.02171306738621326,4.229019403457642,500,6,0.1,0.9507723800363709,0.7298738280033572,0.015253394462844507,0.4881011500386584,,42,-1,
2,Valle cálido — suelo arenoso,LightGBM,14,0.9154508998686172,0.43879305000523894,0.8800278949268895,0.5370379494550939,0.9963053489232405,0.9774180050859584,0.9951366010810532,0.0011687478421873454,0.018887343837282078,4.0379743576049805,800,4,0.1,0.9301780246433231,0.7166335494120063,0.022417992428840138,0.1748931208136743,,42,-1,
2,Valle cálido — suelo arenoso,LightGBM,20,1.0166539356361908,0.590949284870093,1.1302229217820758,0.7771369278545831,0.9937053538400408,0.9641064041563714,0.9890868657138605,0.004618488126180265,0.029598949683669384,10.698471784591675,800,10,0.01,0.8888351084313285,0.9921487999329802,0.0021501265114043594,0.4104432777213992,,42,-1,
2,Valle cálido — suelo arenoso,LightGBM,6,1.0434803967778237,0.5305772654395506,1.0074037678603365,0.7616293190652921,0.9939763852293332,0.9681988262499488,0.9893321800698923,0.004644205159440862,0.025777558979384385,13.227832794189453,800,10,0.01,0.8610016164612575,0.7532845236696298,0.004454304080685863,0.0011785337192428012,,42,-1,
2,Valle cálido — suelo arenoso,LightGBM,5,1.1654264223883293,0.7847975981645356,1.4016184330982153,0.9189521261448169,0.9912415419577978,0.9534613264027371,0.9863922019672112,0.004849339990586565,0.037780215555060725,2.1268563270568848,300,6,0.05,0.6416169925663984,0.7824544189715562,0.011241427015433136,0.9859174901528311,,42,-1,
2,Valle cálido — suelo arenoso,LightGBM,0,1.2196820673361362,0.8423741556229717,1.4599574938080686,0.9483072653184289,0.9904802810694386,0.9442077048414452,0.985249218792187,0.005231062277251675,0.04627257622799341,2.972317695617676,500,4,0.05,0.9819087121112678,0.938951943630864,0.3462775376778653,0.003099991878617381,,42,-1,
2,Valle cálido — suelo arenoso,LightGBM,19,1.2235269921097283,0.7766303590908136,1.3738063976814494,0.9434314206736061,0.9911797632610823,0.951104503466907,0.9843887593351865,0.006791003925895711,0.040075259794175255,2.5535123348236084,300,4,0.1,0.811512990644141,0.7830001428695095,0.6575254241065455,0.03683680385720537,,42,-1,
2,Valle cálido — suelo arenoso,LightGBM,3,1.4398537402553238,0.846158728907087,1.655311140293282,1.115720523341107,0.9871518993638789,0.9257034345556577,0.9767018655685804,0.010450033795298519,0.06144846480822119,2.8770337104797363,500,10,0.1,0.6983638766868664,0.8319681799268845,4.894378264560457,0.0018764091745757047,,42,-1,
2,Valle cálido — suelo arenoso,LightGBM,8,1.541904453219003,1.073347048980528,1.6373999976978573,1.2124749301904951,0.9842793962807316,0.9335747438776933,0.9750786014278513,0.009200794852880279,0.05070465240303823,6.264177083969116,800,10,0.01,0.7729012846558947,0.6322822001129309,0.006966875357530708,0.014599282906830963,,42,-1,
2,Valle cálido — suelo arenoso,LightGBM,2,1.553744972298108,1.1320567139929536,1.836123313230281,1.2516308216384902,0.9819711497201734,0.9179575373878501,0.9734762588660487,0.008494890854124693,0.06401361233232328,6.278907537460327,800,6,0.01,0.95459017720954,0.7468657477780667,1.067406309583177,0.0021944560282899698,,42,-1,
2,Valle cálido — suelo arenoso,LightGBM,7,1.605139375630099,1.2263807024930122,1.8813938984839789,1.3562170960025353,0.9799962193117525,0.9140897416683116,0.9715626013442396,0.008433617967512963,0.06590647764344093,1.8121974468231201,300,4,0.05,0.8569178693677684,0.9047424944003646,3.2278655059382237,2.0634641540333747,,42,-1,
2,Valle cálido — suelo arenoso,LightGBM,4,1.6984265256432238,1.009504794406713,1.6774074916532549,1.2330386936024478,0.9836406787820122,0.9232828157118415,0.9739379789205289,0.00970269986148331,0.06035786307017077,3.800844430923462,300,10,0.05,0.7451071948077259,0.6043527214067339,5.501716647066628,0.009683158353433538,,42,-1,
2,Valle cálido — suelo arenoso,XGBoost,24,0.822118816201486,0.36415118404661195,0.8905765267390557,0.5530204783751101,0.9973940354516698,0.9762487000515884,0.994792929454349,0.002601105997320774,0.021145335400081455,9.423619031906128,600,6,0.1,0.6846949212320101,0.7133691421972858,0.3811927870114471,0.004935690804031498,24,42,-1,30
2,Valle cálido — suelo arenoso,XGBoost,22,0.8255298136900514,0.346645138320169,0.836321684917218,0.5337916163744516,0.9980233841653368,0.9788825669698769,0.9952283686603063,0.0027950155050304737,0.019140817195459903,8.687874794006348,600,6,0.1,0.686487338439516,0.6461785324525847,0.09439315511388513,0.004880735300557486,22,42,-1,30
2,Valle cálido — suelo arenoso,XGBoost,19,0.8364130387934953,0.3448676337906852,0.9150733122312513,0.533306243045683,0.998245837714939,0.9757599561673789,0.9952862808552874,0.0029595568596516575,0.02248588154756015,9.183743715286255,600,6,0.1,0.694856602351491,0.6467029449259014,0.006579451434696344,0.0034137123090930187,18,42,-1,30
2,Valle cálido — suelo arenoso,XGBoost,23,0.8398687761750601,0.355276369116012,0.853096429464338,0.5634416440443549,0.9979273327796705,0.9777930689073816,0.9948812718152683,0.0030460609644021863,0.020134263872288893,8.895197629928589,600,6,0.1,0.6967891090285802,0.6415125249491209,0.07408914404451554,0.004688639026363867,27,42,-1,30
2,Valle cálido — suelo arenoso,XGBoost,20,0.8440861055339637,0.3648325812541381,0.887790423591093,0.5669093386317738,0.9977438706840589,0.9768633758768623,0.9946775498588702,0.003066320825188651,0.02088049480719656,9.46258282661438,600,6,0.1,0.6508818379247974,0.6419065542362291,0.087138299837722,0.0032464523917495863,30,42,-1,30
2,Valle cálido — suelo arenoso,XGBoost,16,0.8514545697381568,0.3561107787638052,0.9146627320248925,0.54089173294047,0.998089407542222,0.9770243372099628,0.9953784816688308,0.002710925873391168,0.021065070332259128,9.4866623878479,600,6,0.1,0.6090978160979049,0.7746720630608104,0.0052863746065656015,0.019259020927311212,22,42,-1,30
2,Valle cálido — suelo arenoso,XGBoost,12,0.8593840815015149,0.3390857369624744,0.8056379624020114,0.5440743763136787,0.9983368116356115,0.9813227027505048,0.9952346173510883,0.0031021942845231854,0.017014108885106682,9.06545352935791,600,6,0.1,0.7407327217432709,0.6005225453000994,0.003897467504524718,0.02497316030584299,16,42,-1,30
2,Valle cálido — suelo arenoso,XGBoost,15,0.8802557839204311,0.4672932075832416,0.9083619952167752,0.5983371714809985,0.9967633130549072,0.9785089439939512,0.9944312078760134,0.0023321051788938174,0.01825436906095601,8.76613187789917,600,4,0.1,0.828236149860162,0.7480068087968428,0.004857097503932088,0.022603954184260314,20,42,-1,30
2,Valle cálido — suelo arenoso,XGBoost,21,0.8838572303306049,0.4107185637292063,0.9302585236849384,0.6081850851696994,0.9965464483681662,0.9755295937492475,0.993354022420308,0.0031924259478581796,0.021016854618918668,7.444518804550171,600,6,0.1,0.6485449475091456,0.6460312345645796,0.6505772184538935,0.0024723090639047277,29,42,-1,30
2,Valle cálido — suelo arenoso,XGBoost,3,0.8911589529307781,0.49569704527306796,0.9335400124567462,0.6213279735145746,0.9966388437149798,0.9768168216921318,0.9939058195261432,0.002733024188836586,0.019822022022847996,8.48611307144165,600,4,0.1,0.7508694338731179,0.6831734968728587,0.0018314200196187318,0.2815677968522559,11,42,-1,30
2,Valle cálido — suelo arenoso,XGBoost,13,0.9167707437678929,0.5089608632580519,0.9341651425988964,0.6565474812918597,0.996195264332773,0.9783585787906641,0.9931010187130064,0.003094245619766567,0.01783668554210882,7.046140670776367,600,4,0.1,0.8062151304400353,0.603483078911246,0.0032451958339226837,0.001716420108085594,21,42,-1,30
2,Valle cálido — suelo arenoso,XGBoost,8,0.9185551257559379,0.46045514593418324,1.1536367705259734,0.6383821514585215,0.9968955875284905,0.9671505027110564,0.9937145573460758,0.003181030182414668,0.029745084817434098,5.876754522323608,400,6,0.05,0.7347975989957565,0.8256708645036458,0.0157317534448662,0.20141885833968812,14,42,-1,30
2,Valle cálido — suelo arenoso,XGBoost,10,0.9405434592101767,0.5200033897930998,0.9418853282403687,0.6388664251749534,0.9960066659300719,0.9779653118492517,0.9934892834838613,0.002517382446210581,0.018041354080820193,7.5530781745910645,600,4,0.1,0.7702622603220405,0.6098490536076103,0.0019207240924331787,0.006786765234958018,25,42,-1,30
2,Valle cálido — suelo arenoso,XGBoost,18,1.0638258845362998,0.5500841268737368,1.2273544304126889,0.7450089451856803,0.9955982968140794,0.9615184431652429,0.9916973252232838,0.00390097159079561,0.03407985364883648,3.4323489665985107,200,6,0.1,0.6025852486293115,0.7402160696349822,0.005944228979112089,0.0011651130555045735,25,42,-1,30
2,Valle cálido — suelo arenoso,XGBoost,7,1.1728643943285828,0.7712931288533275,1.2896697797212626,0.9021996273075936,0.9922512612509039,0.9594879907937252,0.9874062923359708,0.004844968914933134,0.03276327045717875,6.487659692764282,600,3,0.1,0.8983124275943173,0.8175318211464064,0.018915949664117918,2.79776155424501,9,42,-1,30
2,Valle cálido — suelo arenoso,XGBoost,9,1.1824786075088631,0.7319156069107114,1.379449688207577,0.9407010259157488,0.9916759183846737,0.9534052352141862,0.9846654494073146,0.00701046897735913,0.03827068317048754,2.9908652305603027,200,6,0.05,0.8876922028094457,0.9586126598240214,0.6204846271155998,0.13844705490071404,3,42,-1,30
2,Valle cálido — suelo arenoso,XGBoost,1,1.2712923019338214,0.9335340853332115,1.5489475423929506,1.0184835467451088,0.9893546540717277,0.9356081218408265,0.983994617607739,0.005360036463988749,0.0537465322309012,5.153607130050659,400,4,0.05,0.8994859904705961,0.966763533169021,0.02731066714141468,0.08048309434704982,30,42,-1,30
2,Valle cálido — suelo arenoso,XGBoost,0,1.2726526473455828,0.9614123003374164,1.5298162476197517,1.0760393869109501,0.9892200249962079,0.9431663529011977,0.9827347846632041,0.006485240333003794,0.04605367209501021,5.016382694244385,400,4,0.05,0.8149375358701063,0.8810683070720732,0.024552142714861183,0.006997178827737446,18,42,-1,30
2,Valle cálido — suelo arenoso,XGBoost,6,1.3650132296639819,1.0414115352884554,1.4210793057041875,1.1919057055573106,0.9871987386055132,0.9501288741753708,0.9772752288075848,0.009923509797928443,0.037069864430142374,4.694660902023315,400,3,0.1,0.6498407141299718,0.8746079063215613,0.03234158987442803,1.4854456497184423,6,42,-1,30
2,Valle cálido — suelo arenoso,XGBoost,17,1.372521587340168,0.9268562463248591,1.5483912844764383,1.0773855866345383,0.9875899510049924,0.9421088013036075,0.9798078857081471,0.00778206529684522,0.04548114970138484,10.593804359436035,600,6,0.01,0.6008534455199246,0.9070172391010816,0.2505510225641634,0.012835537524406986,25,42,-1,30
2,Valle cálido — suelo arenoso,XGBoost,11,1.4135206828181759,0.9741669720122826,1.6137253029198309,1.1337832117452187,0.987523363816273,0.9394965251930232,0.9787758295623652,0.00874753425390784,0.04802683862324986,9.460103273391724,600,6,0.01,0.7426072626693572,0.7308316551503339,0.0011028559518496705,0.32793031822493335,15,42,-1,30
2,Valle cálido — suelo arenoso,XGBoost,14,1.5084461539279403,0.8722768023110251,1.4705601425837262,0.9713081886758045,0.9867056471897852,0.9363843968440004,0.9823852328944737,0.004320414295311492,0.05032125034578472,7.490831613540649,600,6,0.1,0.7058708303519373,0.6684557276041166,6.940336540277891,0.04740676066992138,13,42,-1,30
2,Valle cálido — suelo arenoso,XGBoost,2,1.7825056553263239,1.357459328120192,1.853353184416423,1.5185808370369251,0.9778398021165501,0.9168966338448341,0.9646214973396118,0.013218304776938306,0.060943168271715975,2.9790725708007812,200,4,0.05,0.6465211289040302,0.6838270781168051,0.04183089819002927,4.848869312937191,6,42,-1,30
2,Valle cálido — suelo arenoso,XGBoost,4,1.8255732635461919,1.4676328735884108,1.8996515476810645,1.6324077237238754,0.9753564043882246,0.9158355975979374,0.9599243852580164,0.015432019130208197,0.05952080679028715,4.10184645652771,400,3,0.05,0.9621345641497235,0.7870836575616522,0.10941826274475935,0.055305254492918,10,42,-1,30
2,Valle cálido — suelo arenoso,XGBoost,5,2.005322120404923,1.486863036766249,1.9566751019932085,1.723184635226709,0.9733140236058508,0.9144340323567287,0.9505715774395128,0.022742446166338026,0.05887999124912213,6.688944339752197,400,6,0.01,0.6780648709178629,0.6765185108413988,0.012088745290813104,0.5317224747171254,2,42,-1,30
3,Valle cálido — suelo arcilloso,LightGBM,15,0.6409611777084419,0.2296567960503177,0.5266334094293145,0.5069494979677824,0.9988302747438864,0.9971393451665881,0.9918766932850784,0.006953581458807978,0.001690929577298328,4.868631601333618,500,6,0.1,0.851476051501374,0.895581213224843,0.0011084792974572393,0.14180609938786667,,42,-1,
3,Valle cálido — suelo arcilloso,LightGBM,22,0.6431303284446818,0.2787961433249146,0.5596790514890699,0.5688707142523468,0.9981809813495636,0.9966952763489886,0.9903023379599606,0.00787864338960298,0.0014857050005749883,4.053311347961426,500,6,0.1,0.8790888455323234,0.9369949896263227,0.005012697804618013,0.021919696448328994,,42,-1,
3,Valle cálido — suelo arcilloso,LightGBM,24,0.6477123836540801,0.28075241676521473,0.6064262699196936,0.5385114841541854,0.9982075042989899,0.9961917712974446,0.9905301313663337,0.007677372932656135,0.002015733001545228,4.1857593059539795,500,6,0.1,0.8504108729252795,0.927241376844924,0.004158363823694595,0.0036776233688817057,,42,-1,
3,Valle cálido — suelo arcilloso,LightGBM,18,0.667728516815649,0.2802794712057636,0.57640712384577,0.5539990120961604,0.9980957523486574,0.9965195190601996,0.9905459663168058,0.007549786031851635,0.0015762332884577956,4.217607021331787,500,6,0.1,0.7915060774457409,0.9458271105253503,0.032745090646703424,0.20796914916000012,,42,-1,
3,Valle cálido — suelo arcilloso,LightGBM,23,0.6755991655896185,0.27593749082733116,0.5743576227223548,0.5337372640487603,0.9980798599568464,0.9964241854947157,0.9909124294288675,0.0071674305279789685,0.001655674462130774,4.272811412811279,500,6,0.1,0.7906185428809112,0.9701624324294448,0.03882989002403348,0.09339324442898883,,42,-1,
3,Valle cálido — suelo arcilloso,LightGBM,13,0.6960806601080989,0.3519522952165782,0.6667986059019183,0.6290008915697568,0.997773731776088,0.9959000549348401,0.9890764198955448,0.008697311880543124,0.00187367684124784,3.3066420555114746,500,4,0.1,0.8881873774727922,0.8914855217883357,0.0012134346497593683,0.018936755881427368,,42,-1,
3,Valle cálido — suelo arcilloso,LightGBM,14,0.7071460563960041,0.3489789755046362,0.6582849827849756,0.6030917514870981,0.9977828318283508,0.9960127885368069,0.9898585405299591,0.007924291298391672,0.0017700432915439546,3.6932976245880127,500,4,0.1,0.8531469340495805,0.8606180628716245,0.0011798723755443875,0.06772205153711847,,42,-1,
3,Valle cálido — suelo arcilloso,LightGBM,6,0.7092128371810411,0.33832292061539976,0.641098276272712,0.5975410789188497,0.9979284568147484,0.9961339914937897,0.9896255059527765,0.008302950861971858,0.001794465320958727,3.9822120666503906,500,4,0.1,0.9350576778491257,0.8347219641040099,0.0019596264734327083,0.028671114860161186,,42,-1,
3,Valle cálido — suelo arcilloso,LightGBM,17,0.7137801342178121,0.26461435074488787,0.6323783071421921,0.6386156609290502,0.9986866218477671,0.9959680809852318,0.9891094472431126,0.00957717460465457,0.0027185408625353125,5.253335952758789,500,6,0.1,0.8278723353896085,0.6129423206783756,0.0010601535723478036,0.009577753048130017,,42,-1,
3,Valle cálido — suelo arcilloso,LightGBM,19,0.7189087857753376,0.31212090497156514,0.6092928097322441,0.656397935068284,0.9976229660700233,0.9962714834871559,0.9874647860641566,0.010158180005866768,0.001351482582867436,3.3323373794555664,300,6,0.1,0.7369088367230764,0.9472690285623577,0.038388734735389916,0.18328158211232387,,42,-1,
3,Valle cálido — suelo arcilloso,LightGBM,12,0.7190613736548155,0.36290863987077104,0.6824073965796257,0.6579209591968685,0.9976168094262039,0.9958441170869269,0.9884960501658432,0.009120759260360711,0.0017726923392770155,3.3313748836517334,500,4,0.1,0.920568578440333,0.9061888067373565,0.009361748638252057,0.012658090494846402,,42,-1,
3,Valle cálido — suelo arcilloso,LightGBM,16,0.7317247798858292,0.2707845476538773,0.5688234157027681,0.5910705341927641,0.9983647221860555,0.9967535779312886,0.9896317395962873,0.00873298258976829,0.0016111442547669386,3.962923765182495,300,6,0.1,0.8533629806010044,0.9300012332038716,0.005238279283767271,0.11644366365954299,,42,-1,
3,Valle cálido — suelo arcilloso,LightGBM,10,0.7364461970398832,0.35814519296806885,0.6605646276647883,0.6657840903133153,0.9976124398849522,0.9959342472297511,0.9885358588919961,0.009076580992956051,0.0016781926552010829,3.4538397789001465,500,4,0.1,0.999922710973518,0.9975498400399421,0.013698123255666042,0.001161164684223378,,42,-1,
3,Valle cálido — suelo arcilloso,LightGBM,11,0.740169259304601,0.3543909499607148,0.6361889340282193,0.6377205024368666,0.9976452557450871,0.9960800976324375,0.9893705691949883,0.008274686550098775,0.0015651581126495673,3.4399538040161133,500,4,0.1,0.9949757316744754,0.9965823597870391,0.010179854177499864,0.001705886336883885,,42,-1,
3,Valle cálido — suelo arcilloso,LightGBM,7,0.8366590946587301,0.44619248606925593,0.7509643229673179,0.7528514143337628,0.9963131710042925,0.9944913549013934,0.9846986496347445,0.011614521369547992,0.0018218161028991098,4.9446938037872314,800,4,0.05,0.7600013634079358,0.740996544098715,0.038999420628595884,0.42102505713458505,,42,-1,
3,Valle cálido — suelo arcilloso,LightGBM,5,0.8620716446424799,0.4198935029082412,0.7351578295242055,0.7694011170398771,0.9961281487683946,0.9942829139603605,0.9805691812678409,0.015558967500553744,0.001845234808034113,12.58730149269104,800,10,0.01,0.8818750953867684,0.8249217008190335,0.1628824696804829,0.0025476310651483553,,42,-1,
3,Valle cálido — suelo arcilloso,LightGBM,20,0.9017560596663314,0.399625854108973,0.6729445675141718,0.8243030731560942,0.9961680771238186,0.9950043347134393,0.9773601100396775,0.01880796708414112,0.0011637424103793093,6.108829021453857,500,6,0.05,0.6859643277645663,0.8483553077225814,0.8720737628369711,0.2711675537046317,,42,-1,
3,Valle cálido — suelo arcilloso,LightGBM,4,1.150513769317663,0.6999006451142007,1.1227681919110215,1.103364144113033,0.9915161319809074,0.9885525782121686,0.9666399845410777,0.024876147439829688,0.0029635537687388025,7.535474061965942,800,10,0.01,0.7739033479773364,0.9592315645258356,0.10830970807940875,3.5456987360019427,,42,-1,
3,Valle cálido — suelo arcilloso,LightGBM,9,1.1860041316383085,0.8621451187715297,1.150670383144902,1.1958292871192293,0.9891230749065619,0.9888549160208416,0.9660853779055245,0.023037697001037416,0.00026815888572029323,2.218738079071045,300,4,0.05,0.7137016123092307,0.8887051342854819,0.25356877656544996,0.04348733136171284,,42,-1,
3,Valle cálido — suelo arcilloso,LightGBM,8,1.2116758435340411,0.6371918295069702,1.081232316544718,1.1386791587480072,0.9921555718638604,0.9875005631635236,0.9657219901657708,0.026433581698089625,0.004655008700336749,3.190108299255371,500,10,0.1,0.9094204059419211,0.6641406612655315,1.6346781471555982,1.7780356236219823,,42,-1,
3,Valle cálido — suelo arcilloso,LightGBM,0,1.3782376586715663,0.9060545035712007,1.44993422549348,1.29004236164459,0.9867190476721628,0.9810587473979006,0.9597792882729432,0.026939759399219554,0.005660300274262231,6.425973892211914,500,6,0.01,0.9696393223674161,0.7348835997055465,0.27209731669935217,3.6896315829598145,,42,-1,
3,Valle cálido — suelo arcilloso,LightGBM,1,1.4115485904087446,0.9215090482805436,1.3040254415797166,1.3828200249094083,0.9858601259626197,0.9836680766734439,0.9527764815864497,0.03308364437617006,0.0021920492891758236,3.1873581409454346,500,4,0.05,0.6151540600887242,0.7761221989768141,3.474891008909007,0.6897911208971199,,42,-1,
3,Valle cálido — suelo arcilloso,LightGBM,2,1.4536950706968086,1.1310938702602453,1.480025515163064,1.4554822475002693,0.9816302035688017,0.9812102088117999,0.952253962833527,0.029376240735274672,0.0004199947570018292,6.64663290977478,800,4,0.01,0.6692533090482978,0.7755877408254592,0.0027783730312724375,0.7527976848763426,,42,-1,
3,Valle cálido — suelo arcilloso,LightGBM,21,1.590912130944068,0.9281286243302046,1.6869411333694813,1.3771143132230703,0.9832719950759556,0.9702256765370866,0.9475715245722085,0.03570047050374714,0.013046318538869062,2.3340470790863037,500,6,0.1,0.8068477648726814,0.891173766960173,9.299989876789038,0.006857260858646451,,42,-1,
3,Valle cálido — suelo arcilloso,LightGBM,3,1.783980436164677,1.3348531285352814,2.0051606710841985,1.6347853660242233,0.9729331296863323,0.9677825588468827,0.94089637472375,0.03203675496258229,0.005150570839449586,4.172059059143066,300,6,0.01,0.807903043714368,0.7617408257038406,0.001781105782361341,1.3487309715454967,,42,-1,
3,Valle cálido — suelo arcilloso,XGBoost,17,0.5088410829250858,0.16964188429702473,0.4572781133975727,0.4779288416277722,0.9994065256009163,0.9976503460359907,0.9930218345696527,0.006384691031263601,0.0017561795649255751,9.667834281921387,600,6,0.1,0.8322425861236623,0.7919185518519891,0.03026965211456528,0.8977929026045427,15,42,-1,30
3,Valle cálido — suelo arcilloso,XGBoost,21,0.5335245576297127,0.18387565771214864,0.47686263663558515,0.5178768920164443,0.999347844308785,0.9975208127387984,0.9918860745063524,0.007461769802432627,0.001827031569986537,9.02476167678833,600,6,0.1,0.6567373827345259,0.7747639528269487,0.005085008713418823,1.466415200255208,13,42,-1,30
3,Valle cálido — suelo arcilloso,XGBoost,22,0.536915198445125,0.18624848651511022,0.49016950097287726,0.5469591668141265,0.9993065799596094,0.9972429248336501,0.9914249526134293,0.007881627346180031,0.002063655125959296,8.98911738395691,600,6,0.1,0.7806141165849483,0.7712833143053066,0.0241230506219886,2.1912920282409383,15,42,-1,30
3,Valle cálido — suelo arcilloso,XGBoost,23,0.5383747526735774,0.17105793575403244,0.4479779207403209,0.4783468003164712,0.9993932449353826,0.9979449408119448,0.9927563948576307,0.0066368500777519435,0.0014483041234377714,8.147427797317505,600,6,0.1,0.7704920979969092,0.8299261260206008,0.024627645181724257,2.666166652793092,15,42,-1,30
3,Valle cálido — suelo arcilloso,XGBoost,13,0.5446711985067225,0.1788642340240448,0.46919744160015203,0.4971276700593815,0.9993820405789546,0.9974389787712582,0.992461115465189,0.00692092511376563,0.0019430618076964334,8.413767099380493,600,6,0.1,0.6004662365854998,0.749396683956399,0.04142532212545166,0.04641408893283824,1,42,-1,30
3,Valle cálido — suelo arcilloso,XGBoost,24,0.5502729652106197,0.19017488853295475,0.48263841024463816,0.4854401383379205,0.9992882355788892,0.9975481681748117,0.9928001456562673,0.0064880899226219535,0.0017400674040775055,8.887859344482422,600,6,0.1,0.8266575533014101,0.7769094899238183,0.004133896278730982,0.6181958093179108,20,42,-1,30
3,Valle cálido — suelo arcilloso,XGBoost,14,0.5891404336579849,0.20095945504967108,0.5000676740767042,0.5322118056064414,0.9992466321231617,0.9974259444432165,0.9919352554938065,0.007311376629355215,0.0018206876799451432,9.144658327102661,600,6,0.1,0.6104266943611139,0.7333480784286242,0.006278658162301709,1.3836556535967859,13,42,-1,30
3,Valle cálido — suelo arcilloso,XGBoost,11,0.6158715550447071,0.20762246555512853,0.5273588200638099,0.5307049495063745,0.9991759329203339,0.9972448884216141,0.9912886742114384,0.007887258708895506,0.001931044498719836,8.877214670181274,600,6,0.1,0.6157993323392073,0.7272466876159052,0.010591566598041694,4.823988173813011,14,42,-1,30
3,Valle cálido — suelo arcilloso,XGBoost,1,0.6399492881477282,0.3091648105721752,0.60715239662283,0.567249883813118,0.9983935704479836,0.9963015187325699,0.9909499328085272,0.007443637639456435,0.002092051715413712,7.189070701599121,600,4,0.1,0.704481623688093,0.9413305195548713,0.054791446600139466,0.024356090918617856,2,42,-1,30
3,Valle cálido — suelo arcilloso,XGBoost,18,0.706399268947553,0.3116594421841454,0.5826782299368038,0.6616942778512834,0.9981897875898805,0.9965618808449314,0.9885071664332887,0.009682621156591797,0.0016279067449491702,2.781926155090332,200,6,0.1,0.8842354446635158,0.8005672279082099,0.03469821336442668,0.3530508896221531,22,42,-1,30
3,Valle cálido — suelo arcilloso,XGBoost,9,0.7336607197286342,0.3502723251153289,0.6713592702239005,0.6378623981530348,0.9978975096838133,0.9958974917364871,0.9892343093682073,0.008663200315605968,0.0020000179473261825,7.716829538345337,600,4,0.1,0.6220951144047498,0.7345995086234538,0.012570793865132946,6.750593951026841,17,42,-1,30
3,Valle cálido — suelo arcilloso,XGBoost,6,0.7747180388898112,0.42059003160735237,0.7442100483718512,0.7359776030667206,0.9970069486579233,0.9951787059788096,0.9855463336276843,0.011460615030238985,0.0018282426791136341,4.538948059082031,400,4,0.1,0.8633055897882913,0.7956453752573844,0.06468589561318268,0.4404982016063217,30,42,-1,30
3,Valle cálido — suelo arcilloso,XGBoost,15,0.8350139494785287,0.39591759533366894,0.7056917292325217,0.781256160893166,0.996876336077931,0.9947550492078212,0.982252162673558,0.014624173404373053,0.0021212868701098175,3.2488651275634766,200,6,0.1,0.6442887821032043,0.7403964556686309,0.45906211258236346,0.08815937712201335,6,42,-1,30
3,Valle cálido — suelo arcilloso,XGBoost,4,0.8491013634677191,0.4621235457736334,0.7512169354107393,0.7929865975676108,0.9962587316687175,0.994607006403358,0.9824820841917478,0.013776647476969717,0.001651725265359505,5.004470586776733,400,4,0.1,0.7625380749240651,0.6110597152626701,0.5057373725701987,0.13221097098577697,11,42,-1,30
3,Valle cálido — suelo arcilloso,XGBoost,8,0.8618028531514128,0.5288779352882035,0.8099002130609636,0.873729083396603,0.9956756308198318,0.9941689999220559,0.9814955489083104,0.014180081911521425,0.001506630897775918,8.193151235580444,600,4,0.05,0.7881471799674977,0.8582551882882963,0.013085147352238107,0.01808830953648675,18,42,-1,30
3,Valle cálido — suelo arcilloso,XGBoost,3,0.9290572159190382,0.42934337152194396,0.7542911485152677,0.8016908005080221,0.9951512434023329,0.9923608591670325,0.9775512798997775,0.017599963502555327,0.002790384235300314,7.298934698104858,600,6,0.1,0.7058407988832724,0.9374470973695902,2.8096512180881805,0.0034524139190425813,27,42,-1,30
3,Valle cálido — suelo arcilloso,XGBoost,0,1.0356863303719637,0.7213005859357163,0.9866580810455552,1.0904597499190813,0.9923680261111673,0.9917352735527173,0.9722479793253112,0.020120046785856105,0.0006327525584499671,5.224749326705933,400,4,0.05,0.7107384443798289,0.8340307856713,0.08454273324687848,0.3314133790952559,20,42,-1,30
3,Valle cálido — suelo arcilloso,XGBoost,16,1.1868569578147488,0.7555632091774629,1.2099447423939773,1.1563659961914485,0.9911108440532499,0.9870010421705256,0.9685653827497749,0.022545461303475012,0.004109801882724251,9.888013362884521,600,6,0.01,0.6079938798965379,0.6904399264463476,0.002969507964311513,1.5819150405915605,9,42,-1,30
3,Valle cálido — suelo arcilloso,XGBoost,2,1.1890166149752222,0.8003855598904246,1.2783750421808644,1.250203814097552,0.988739474669026,0.9840430285555258,0.9584842943842367,0.03025518028478935,0.0046964461135001745,2.4190688133239746,200,4,0.1,0.7250291190357563,0.8868363802238108,2.6411548361922526,6.486248519187029,1,42,-1,30
3,Valle cálido — suelo arcilloso,XGBoost,12,1.2467321534384896,0.8015859591984987,1.3080789627178682,1.2066822180992502,0.9900264000180231,0.9848510004740184,0.9660344874457389,0.02399191257228417,0.0051753995440047,8.84873914718628,600,6,0.01,0.612949701813792,0.6566490513734397,0.0021855974271206354,1.3705116032691333,12,42,-1,30
3,Valle cálido — suelo arcilloso,XGBoost,7,1.2744991692246455,0.8772441815291863,1.19933865125221,1.2137033328495497,0.9889733183526257,0.9880242206840595,0.967433505312289,0.021539813040336697,0.0009490976685662122,6.79794454574585,600,3,0.05,0.667404458087564,0.939284541358785,0.18675509383185865,0.03543159219388096,8,42,-1,30
3,Valle cálido — suelo arcilloso,XGBoost,5,1.299576233897962,0.9897273813706097,1.2761935862936424,1.3172555968843338,0.9865953593178707,0.9868272319035958,0.9619877863403511,0.024607572977519587,-0.0002318725857251014,2.6503183841705322,200,4,0.05,0.6837385416423647,0.9211825045700092,0.009953851399682393,0.0043932352234242154,5,42,-1,30
3,Valle cálido — suelo arcilloso,XGBoost,19,1.453084170446103,1.0142394192222153,1.6108910113097374,1.4121489022761358,0.9837693810947165,0.9776197115448254,0.9532906023647574,0.030478778729959077,0.006149669549891046,5.343796014785767,400,6,0.01,0.938102390573449,0.784623871408225,0.4395885277546168,0.08962378373513333,16,42,-1,30
3,Valle cálido — suelo arcilloso,XGBoost,20,1.5761083095924464,0.9955482487463619,1.631935465226447,1.4352112806048025,0.9828101032844652,0.9719244339021847,0.9468494434334619,0.035960659851003274,0.010885669382280416,6.0111846923828125,600,3,0.1,0.8235269540316225,0.6698909566072235,7.178542352432459,0.008169287356328204,5,42,-1,30
3,Valle cálido — suelo arcilloso,XGBoost,10,1.9958410680317453,1.7193362493405195,2.2600587127961163,2.01341162569218,0.9599780951517295,0.9556542831350031,0.916181893555229,0.04379620159650044,0.0043238120167263805,6.631302118301392,600,3,0.01,0.9971177151703181,0.992091591395464,0.0013390483725059723,0.0013436961843528868,24,42,-1,30
4,Desierto árido,LightGBM,2,NaN,0.298001644818717,1.06040311017497,0.8091577092994927,0.9956703924321428,0.9341426332182405,0.9692771197789343,0.026393272653208566,0.0615277592139023,0.878990650177002,300,4,0.05,0.9444663358716288,0.7618238352499898,0.0012764491484722406,0.09467881509101042,,42,-1,
4,Desierto árido,LightGBM,12,NaN,0.3175413234714433,0.8635014084749532,0.8695399409351394,0.9987381684364368,0.9730968369379802,0.9520298567513037,0.04670831168513312,0.0256413314984566,1.6220002174377441,500,4,0.01,0.9088923383728611,0.9048761465637198,0.06045085624941493,0.005771009737943836,,42,-1,
4,Desierto árido,LightGBM,24,NaN,0.09693638024541662,0.47787012498712,0.5156918056038164,0.9997006378835237,0.9871699425808952,0.9728799917013605,0.026820646182163177,0.012530695302628514,2.0086019039154053,800,4,0.1,0.9219390901937228,0.9357260391157403,0.023494022902861244,4.457585766933093,,42,-1,
4,Desierto árido,LightGBM,23,NaN,0.13940005697165944,0.6040990099583854,0.6832578599216974,0.9992414889000221,0.9772281262308271,0.9553773154731837,0.04386417342683835,0.022013362669194958,1.1771156787872314,800,4,0.1,0.8481750239235003,0.9961183172300372,0.29197643507156107,1.195632047240595,,42,-1,
4,Desierto árido,LightGBM,22,NaN,0.06157040637349193,0.4521302312434618,0.48668737383504435,0.9999218010004173,0.9878162321854512,0.9757034573118633,0.024218343688554023,0.01210556881496605,3.3705546855926514,800,10,0.1,0.920623437910845,0.9379004428727233,0.022260755838523293,2.37762198917354,,42,-1,
4,Desierto árido,LightGBM,21,NaN,0.11594712904335829,0.556037593481595,0.5778032077830615,0.999535254903962,0.9809177986027898,0.9670606182289647,0.03247463667499728,0.018617456301172175,0.9272642135620117,800,4,0.1,0.8825455707458959,0.8789747519502429,0.10362634861469389,2.163509782261123,,42,-1,
4,Desierto árido,LightGBM,20,NaN,0.43865449087301767,0.9606014152030246,0.9234917472110739,0.996936739184296,0.9694086523914207,0.9497569059837192,0.04717983320057684,0.027528086792875328,0.3895699977874756,800,4,0.1,0.9183243783826319,0.9414832399334159,5.915581712948476,0.17276963057056752,,42,-1,
4,Desierto árido,LightGBM,19,NaN,1.0401607241637345,1.5236620808003376,1.3342822261876472,0.9947532122913472,0.9637102896033751,0.9333777929812643,0.061375419310082835,0.03104292268797204,1.0387656688690186,300,4,0.01,0.9513909368844268,0.951263519191315,0.2088378981405611,0.006512289296708664,,42,-1,
4,Desierto árido,LightGBM,18,NaN,0.12794486368167934,0.5041630946124641,0.6339640075647724,0.9995547640406921,0.9863684386330736,0.9672136218483981,0.032341142192294,0.013186325407618549,0.7666800022125244,800,4,0.1,0.9097941441759186,0.9457895218783383,0.17677398850045264,2.0099619394621593,,42,-1,
4,Desierto árido,LightGBM,17,NaN,0.11359634170750489,0.6808137134455832,0.6141114914599484,0.9994757715396868,0.9718081224729734,0.9596619465574328,0.039813824982254054,0.027667649066713373,1.0491816997528076,800,10,0.1,0.7190111676239591,0.8545323016408142,0.01239665966516137,0.005173683057436718,,42,-1,
4,Desierto árido,LightGBM,16,NaN,0.13549069881793388,0.6429836090442484,0.6242547649248299,0.9994104391992551,0.9760511495259506,0.9599428773235535,0.03946756187570155,0.023359289673304473,0.8066821098327637,800,10,0.1,0.8428876871993383,0.9048310122165413,0.13953512543220745,2.343717927759859,,42,-1,
4,Desierto árido,LightGBM,15,NaN,0.065374188765795,0.526103582616865,0.5411899081674,0.9998879600464728,0.9826405630889915,0.9726537594079143,0.027234200638558526,0.017247396957481342,3.212738513946533,800,10,0.1,0.8822659082971498,0.913686992187,0.010924756821694753,7.9201090330690045,,42,-1,
4,Desierto árido,LightGBM,14,NaN,0.057360419805053416,0.5175165927656253,0.5066877023298594,0.9999127647507106,0.9849214971189223,0.9742798019830644,0.02563296276764615,0.014991267631788263,5.668335437774658,800,10,0.1,0.8899667756805733,0.9008794352015835,0.015830251927100778,2.9932591143877176,,42,-1,
4,Desierto árido,LightGBM,13,NaN,0.26615998267608915,1.0635968328811467,0.8595068078723382,0.9969702242603103,0.9397921381664012,0.9691943015512695,0.027775922709040834,0.057178086093909175,1.4173634052276611,500,6,0.1,0.9949016806822304,0.7208407342638967,0.047115298771496755,0.41089167667544485,,42,-1,
4,Desierto árido,LightGBM,11,NaN,0.1142057717695959,0.6650392351250792,0.6796088939125833,0.9997081651670561,0.9843068162863907,0.9683341422454623,0.03137402292159375,0.015401348880665355,2.435013771057129,500,6,0.1,0.9975081970070659,0.6962604014077987,0.04401976972457953,0.0011683126607394917,,42,-1,
4,Desierto árido,LightGBM,10,NaN,0.5908139068326129,1.1688394394871457,1.0792781560856874,0.9936142095330049,0.9596116828876633,0.9455438146672143,0.04807039486579068,0.034002526645341646,0.30855631828308105,800,10,0.1,0.6575852193706786,0.9872940185495663,9.569678102592105,9.719210959075316,,42,-1,
4,Desierto árido,LightGBM,9,NaN,0.2692387057337962,0.8264713136960768,0.8386998677189222,0.9988816323833266,0.9762291465635959,0.9563060948202091,0.042575537563117494,0.022652485819730672,0.6606237888336182,300,4,0.1,0.7828937849714834,0.83806672685441,1.0752663396946376,0.6134332049489637,,42,-1,
4,Desierto árido,LightGBM,8,NaN,0.11484039305880782,0.7075688728816083,0.7256352839606864,0.9998369619906764,0.987665659572357,0.9767972420545835,0.023039719936092884,0.01217130241831943,4.7883899211883545,500,10,0.05,0.6012235325249083,0.6303665838306173,0.006799503792162385,0.022423345469923684,,42,-1,
4,Desierto árido,LightGBM,7,NaN,0.36456069101264665,1.0702619257603607,0.8001085132286303,0.9943114290043732,0.9352420735730458,0.9603775467309253,0.033933882273447846,0.05906935543132741,0.6763262748718262,300,6,0.05,0.8643420860937667,0.9697492777347836,0.4162736739166363,0.032717604409434824,,42,-1,
4,Desierto árido,LightGBM,6,NaN,0.1894526881575401,0.6313232286250319,0.6021333384952748,0.9993125765193653,0.9835973990594455,0.9684058154988255,0.030906761020539797,0.015715177459919794,1.2552173137664795,500,6,0.05,0.78738642865895,0.7933842897158576,0.7230474302866643,0.7161227526878271,,42,-1,
4,Desierto árido,LightGBM,5,NaN,0.23999823651697902,0.741315276218502,0.7905298809317722,0.9988858856864566,0.9753728486840024,0.955499967910912,0.04338591777554468,0.023513037002454218,0.9124431610107422,800,4,0.05,0.7460629324414696,0.8504188524631093,1.0370161494691665,0.0015362565297468529,,42,-1,
4,Desierto árido,LightGBM,4,NaN,0.09598944298773633,0.4599717849437752,0.46432137458785794,0.9997620504702878,0.9884682635996717,0.9752044839474031,0.024557566522884655,0.011293786870616107,1.0168380737304688,300,4,0.1,0.8938246313172393,0.8855856788207566,0.04263506100183106,0.002579960817389274,,42,-1,
4,Desierto árido,LightGBM,3,NaN,0.647405041901992,1.325373649727977,1.0818042385133033,0.9921804311718786,0.9423941511741695,0.9522769598630596,0.039903471308818994,0.049786279997709126,0.4805128574371338,300,6,0.05,0.7935312012921942,0.7836224100505969,1.0062709072075582,0.0335005644492089,,42,-1,
4,Desierto árido,LightGBM,1,NaN,1.4147159967284333,2.0182365594535487,1.7737784907463616,0.9923475928752842,0.956719399175664,0.931933803449621,0.06041378942566322,0.035628193699620225,1.1659095287322998,300,4,0.01,0.8210151369219445,0.6313291946985955,0.0038993819732209235,0.03149889784266594,,42,-1,
4,Desierto árido,LightGBM,0,NaN,0.11105064506331223,0.5960079107186055,0.581069515585422,0.9997299506625573,0.9873121276095727,0.9764906268127216,0.023239323849835736,0.012417823052984667,2.833446979522705,500,6,0.05,0.9482973029199213,0.6483429564501589,0.03395865883006029,0.1305844537940524,,42,-1,
4,Desierto árido,XGBoost,3,NaN,0.07470171875282637,0.4860443852764414,0.4351088014416259,0.9999252849246696,0.9919829411214923,0.983988472285151,0.015936812639518627,0.007942343803177265,3.0006606578826904,600,6,0.05,0.8521938254740874,0.7200699010468083,0.0010079521311587435,0.0011316029876954233,14,42,-1,30
4,Desierto árido,XGBoost,7,NaN,0.11358757149515022,0.5572543883331722,0.5093378075473933,0.9996051464503866,0.9809744453519276,0.9617557854471572,0.03784936100322933,0.01863070109845899,0.7798399925231934,200,6,0.1,0.937556570747304,0.9548899414414339,0.4235790510587722,0.06637830883462525,6,42,-1,30
4,Desierto árido,XGBoost,0,NaN,0.6170872886194628,1.2056548247855259,1.1446516434241227,0.997816155196713,0.9734445951025227,0.9547357757186656,0.043080379478047326,0.02437156009419028,2.1536006927490234,400,4,0.01,0.6545801941030464,0.704517565346152,0.0013996826384414247,0.15466796964115762,21,42,-1,30
4,Desierto árido,XGBoost,21,NaN,0.06200533238605261,0.3595838793737886,0.3853851840639339,0.999971214991112,0.9951414108449016,0.9869996194417155,0.01297159554939642,0.00482980414621037,1.9900553226470947,600,4,0.1,0.7081072013953483,0.8685241983706462,0.009481533817992566,0.004707941825982438,1,42,-1,30
4,Desierto árido,XGBoost,1,NaN,2.9321600847820046,2.9727813876668963,2.7017179471338975,0.9735162698977313,0.9292253278712567,0.8824482360602446,0.09106803383748674,0.044290942026474656,1.1166200637817383,200,6,0.01,0.9112400937280912,0.7126774185031426,0.01943940011711074,0.00193718910874783,3,42,-1,30
4,Desierto árido,XGBoost,20,NaN,0.0707359784784856,0.3593901293509403,0.3866112254667475,0.9999621662379089,0.9953931616540137,0.9877628968203687,0.012199269417540237,0.004569004583895198,1.6806793212890625,600,4,0.1,0.7005646919163645,0.8732837725870248,0.010743811743565316,0.005441678024682274,2,42,-1,30
4,Desierto árido,XGBoost,19,NaN,0.07183353626844916,0.37191036884793044,0.36271250213084516,0.9999682729085821,0.9949883301160223,0.9877281062233444,0.012240166685237752,0.004979942792559866,1.4248628616333008,400,4,0.1,0.7109559636874152,0.8728982848918521,0.0019311412746164391,0.0037092266377089646,1,42,-1,30
4,Desierto árido,XGBoost,18,NaN,0.781829256528163,1.572588541276362,1.3653322306593647,0.9961633468484854,0.9591622141361816,0.9439148799685195,0.05224846687996587,0.037001132712303764,1.674703598022461,400,3,0.01,0.8921112230125251,0.7870552560561992,0.002931154748207278,0.10685360819160072,29,42,-1,30
4,Desierto árido,XGBoost,17,NaN,0.07374444984144225,0.4106353281353674,0.4557117396470899,0.9999209668839767,0.9918945409526555,0.9821120171823555,0.01780894970162117,0.00802642593132119,0.8721334934234619,600,6,0.1,0.7963396905927008,0.9130061490967258,0.004715527573397462,0.014968524173094154,9,42,-1,30
4,Desierto árido,XGBoost,16,NaN,0.0541644678786388,0.3652471972592308,0.5313514468599388,0.9999712502885085,0.9939985765954784,0.9814347634992902,0.018536486789218376,0.005972673693030117,1.8974382877349854,400,6,0.1,0.8922384715581149,0.9240573601970654,0.004011833063505269,0.07553607131524474,9,42,-1,30
4,Desierto árido,XGBoost,15,NaN,0.2863639199688302,0.7737875187237491,0.7668610841171039,0.9988393476339538,0.9802008047985049,0.9678248171430246,0.03101453049092917,0.018638542835448857,0.9600679874420166,400,3,0.1,0.980580950390798,0.8018763852992371,1.5016130727898593,0.004839222911375682,15,42,-1,30
4,Desierto árido,XGBoost,14,NaN,0.10913410470583342,0.40615916623549175,0.47230648716561463,0.9997724807674719,0.9914674139063908,0.9733717307502134,0.0264007500172585,0.008305066861081123,1.181546688079834,400,4,0.1,0.8403110389421553,0.9949491278145675,0.020660747823815353,0.2919136095836196,19,42,-1,30
4,Desierto árido,XGBoost,22,NaN,0.0773868596215562,0.4040191037638588,0.39726396655760504,0.999955410155934,0.994164687576825,0.9882967972970845,0.011658612858849504,0.005790722579109064,2.2058305740356445,600,4,0.1,0.7064229275059383,0.7776534506363042,0.009461401918761091,0.0098763895151583,4,42,-1,30
4,Desierto árido,XGBoost,12,NaN,0.08967618679134756,0.48935240700893035,0.531062212138684,0.9996973944006042,0.9852517176255263,0.9644448926379231,0.03525250176268113,0.01444567677507791,1.0918447971343994,400,6,0.1,0.9965182222100356,0.9991972144807388,0.17473940053028036,8.948400128088839,18,42,-1,30
4,Desierto árido,XGBoost,23,NaN,0.05626891767888583,0.34721933491452456,0.3592855301206785,0.9999776685052653,0.9944438094810562,0.9844323037696175,0.015545364735647715,0.005533859024209109,2.140876293182373,600,4,0.1,0.7175357285901588,0.9518101541422229,0.007946099558577988,0.040865499026984095,1,42,-1,30
4,Desierto árido,XGBoost,11,NaN,0.0640130096103978,0.40500208249404174,0.411139912588827,0.9998735505553819,0.9892639394122145,0.9731684733958477,0.026705077159534185,0.010609611143167386,1.50447678565979,400,6,0.1,0.9782428830640333,0.9978032393341469,0.06794671976243216,4.306423010915871,12,42,-1,30
4,Desierto árido,XGBoost,10,NaN,0.5883510946586137,1.4428962620048218,1.1211665691573482,0.9954718854661889,0.9363513381657753,0.9513030234417034,0.044168862024485556,0.059120547300413606,0.914069652557373,600,3,0.1,0.7527075831978142,0.8277862074505542,7.136074676402025,0.006278309392840664,28,42,-1,30
4,Desierto árido,XGBoost,2,NaN,0.05273534787994872,0.3751219951184976,0.456599776236856,0.9999759796055459,0.9937070523250429,0.9842121320399467,0.01576384756559912,0.006268927280502989,1.5987977981567383,400,6,0.1,0.9467927141545941,0.9177596313104084,0.0012985279716788067,0.001343818170867478,6,42,-1,30
4,Desierto árido,XGBoost,24,NaN,0.0662610057530854,0.39125520782436496,0.39849753545863814,0.9999676353786041,0.9934732508859205,0.9831055257376438,0.016862109640960354,0.00649438449268358,1.6844303607940674,600,4,0.1,0.7044867568646095,0.9574935010856891,0.011465328111422092,0.0027967508315357584,1,42,-1,30
4,Desierto árido,XGBoost,9,NaN,0.07770682353728224,0.47231684607452257,0.4471669046065535,0.9998422310425784,0.9888630552807852,0.9764566031487014,0.023385627893876992,0.010979175761793192,1.9590623378753662,400,6,0.05,0.8763628532704868,0.9254718900833965,0.08071641563704243,1.907066630477614,12,42,-1,30
4,Desierto árido,XGBoost,8,NaN,0.2610099442358555,0.8780965745961972,0.8104769022145873,0.9989365103750955,0.977347914570975,0.9638899776744262,0.035046532700669264,0.021588595804120425,1.0221076011657715,200,6,0.05,0.6480770531512472,0.6636039572637801,1.002501098668636,0.026477923595247067,7,42,-1,30
4,Desierto árido,XGBoost,13,NaN,0.05851416284045802,0.40506779569773443,0.5215875059631245,0.9999626602164904,0.9932749744153881,0.9814304729762713,0.0185321872402191,0.006687685801102239,1.8975465297698975,400,6,0.1,0.9660667351957126,0.8877782177358186,0.004109601123912007,7.095387556859091,9,42,-1,30
4,Desierto árido,XGBoost,6,NaN,0.40320979638306426,1.1137758480983335,0.978005975621439,0.9978050294728522,0.9660717773826513,0.9592417491708974,0.03856328030195477,0.03173325209020095,1.1904511451721191,400,6,0.05,0.7885232322376409,0.8487272963253294,4.198722361701443,0.020329331939964685,4,42,-1,30
4,Desierto árido,XGBoost,5,NaN,0.29034915043344894,0.69470006526674,0.7116863215606274,0.999234071166059,0.9865103801275413,0.972363283886127,0.026870787279931974,0.01272369103851767,0.8093857765197754,200,3,0.05,0.621526602949497,0.7206407152556527,0.007107545987795743,0.5971815220030631,12,42,-1,30
4,Desierto árido,XGBoost,4,NaN,0.21462419618994438,0.6508211466530044,0.6414580573203642,0.9995687089759917,0.9872690588008102,0.9771607774278137,0.022407931548177995,0.012299650175181531,0.7495989799499512,200,4,0.05,0.9317523826323054,0.6185768016443225,0.03099098173807135,1.444006283355068,1,42,-1,30
